{"cameraMode":{"drawMode":0,"name":"Shaded","section":"Shading Mode"},"sceneLighting":true,"audioPlay":false,"sceneViewState":{"m_AlwaysRefresh":false,"showFog":true,"showSkybox":true,"showFlares":true,"showImageEffects":true,"showParticleSystems":true,"showVisualEffectGraphs":true,"m_FxEnabled":true},"in2DMode":false,"pivot":{"x":0.4354352653026581,"y":1.7865535020828248,"z":3.234814167022705},"rotation":{"x":-0.014134290628135205,"y":-0.975217878818512,"z":0.21092034876346589,"w":-0.06534644216299057},"size":1.3470487594604493,"orthographic":false}