{"cameraMode":{"drawMode":0,"name":"Shaded","section":"Shading Mode"},"sceneLighting":true,"audioPlay":false,"sceneViewState":{"m_AlwaysRefresh":false,"showFog":true,"showSkybox":true,"showFlares":true,"showImageEffects":true,"showParticleSystems":true,"showVisualEffectGraphs":true,"m_FxEnabled":true},"in2DMode":false,"pivot":{"x":-0.7893431782722473,"y":-0.12869882583618165,"z":0.944526195526123},"rotation":{"x":0.016459815204143525,"y":0.9678153395652771,"z":-0.24238547682762147,"w":0.06571502238512039},"size":2.452301502227783,"orthographic":false}