{"cameraMode":{"drawMode":0,"name":"Shaded","section":"Shading Mode"},"sceneLighting":true,"audioPlay":false,"sceneViewState":{"m_AlwaysRefresh":false,"showFog":true,"showSkybox":false,"showFlares":true,"showImageEffects":true,"showParticleSystems":true,"showVisualEffectGraphs":true,"m_FxEnabled":true},"in2DMode":false,"pivot":{"x":0.004603667184710503,"y":1.9873666763305665,"z":-0.005404472351074219},"rotation":{"x":0.001232945010997355,"y":-0.9882879853248596,"z":0.15239883959293366,"w":0.007998442277312279},"size":1.8523015975952149,"orthographic":false}