{"cameraMode":{"drawMode":0,"name":"Shaded","section":"Shading Mode"},"sceneLighting":false,"audioPlay":false,"sceneViewState":{"m_AlwaysRefresh":false,"showFog":true,"showSkybox":false,"showFlares":true,"showImageEffects":true,"showParticleSystems":true,"showVisualEffectGraphs":true,"m_FxEnabled":true},"in2DMode":false,"pivot":{"x":-1.0224199295043946,"y":-1.4164180755615235,"z":9.01235580444336},"rotation":{"x":0.11075706034898758,"y":0.016692116856575013,"z":-0.0018602377967908979,"w":0.9937074780464172},"size":4.36369514465332,"orthographic":true}